﻿<?xml version="1.0" encoding="UTF-8"?>
<root>
  <item name="BattleConfig" md5="7b3879de7e02e318a45fd9ae80f13979" />
  <item name="DisOrderModeExtra" md5="1bb46abda3125524897c388929cea63e" />
  <item name="Document" md5="a957f351c07207d7f6af422b3a9e25c7" />
  <item name="EquipModeExtra" md5="97553a2cbc7498f0e139558b2e60f315" />
  <item name="GuideModeExtra" md5="77b4c95722a8f3d6e3c14f10b27813f6" />
  <item name="LoadRes_Preload" md5="89c7588491373842d5f9baac47dc653b" />
  <item name="SingleSurvivalModeExtra" md5="af3da4cd668aec4c49523b36809e0de6" />
  <version name="624.1" />
</root>